{
  "storage_type": "MemoryStorage",
  "strategy": "sliding",
  "expected_rate": 10,
  "target_request_rate": 30,
  "actual_rate": 10.159564679776832,
  "actual_duration": 3.4450294971466064,
  "successful_requests": 35,
  "window_rates": [
    11,
    10,
    10,
    4
  ],
  "lower_limit": 8,
  "higher_limit": 16,
  "relative_timestamps": [
    0.02972722053527832,
    0.06286168098449707,
    0.09555697441101074,
    0.1251988410949707,
    0.15555286407470703,
    0.18682622909545898,
    0.2173168659210205,
    0.26710057258605957,
    0.2961242198944092,
    0.3272285461425781,
    0.9645991325378418,
    1.059561014175415,
    1.1746842861175537,
    1.294177532196045,
    1.3849263191223145,
    1.4798095226287842,
    1.572737693786621,
    1.6687557697296143,
    1.759939193725586,
    1.8513000011444092,
    1.9936976432800293,
    2.0826926231384277,
    2.1800715923309326,
    2.2670164108276367,
    2.3659987449645996,
    2.4537463188171387,
    2.5509350299835205,
    2.6565990447998047,
    2.765988349914551,
    2.8602371215820312,
    2.9679408073425293,
    3.062246799468994,
    3.188991069793701,
    3.261583089828491,
    3.3636527061462402
  ]
}