{
  "storage_type": "RedisStorage",
  "strategy": "sliding",
  "expected_rate": 10,
  "target_request_rate": 30,
  "actual_rate": 10.249029108238195,
  "actual_duration": 3.8052384853363037,
  "successful_requests": 39,
  "window_rates": [
    10,
    10,
    11,
    8
  ],
  "lower_limit": 8,
  "higher_limit": 14,
  "relative_timestamps": [
    0.05425834655761719,
    0.05527091026306152,
    0.09406208992004395,
    0.1410350799560547,
    0.18257904052734375,
    0.22694182395935059,
    0.2747156620025635,
    0.32039833068847656,
    0.3678255081176758,
    0.41660642623901367,
    1.0232069492340088,
    1.1175541877746582,
    1.2167408466339111,
    1.3509390354156494,
    1.4044301509857178,
    1.5193657875061035,
    1.600071668624878,
    1.6962671279907227,
    1.784733772277832,
    1.8833694458007812,
    2.0197391510009766,
    2.0807082653045654,
    2.1747796535491943,
    2.2663257122039795,
    2.375765800476074,
    2.4676966667175293,
    2.568143367767334,
    2.6722896099090576,
    2.753385543823242,
    2.864509344100952,
    2.9577245712280273,
    3.0626893043518066,
    3.1390175819396973,
    3.2319412231445312,
    3.3272879123687744,
    3.435143232345581,
    3.528480052947998,
    3.624805212020874,
    3.715449810028076
  ]
}