{
  "storage_type": "MemoryStorage",
  "strategy": "fixed",
  "expected_rate": 10,
  "target_request_rate": 30,
  "actual_rate": 11.129629223003732,
  "actual_duration": 3.5940101146698,
  "successful_requests": 40,
  "window_rates": [
    10,
    10,
    10,
    10
  ],
  "lower_limit": 8,
  "higher_limit": 16,
  "relative_timestamps": [
    0.004048824310302734,
    0.04115605354309082,
    0.08775830268859863,
    0.13372135162353516,
    0.18515491485595703,
    0.23375988006591797,
    0.278261661529541,
    0.32261180877685547,
    0.37210536003112793,
    0.4161543846130371,
    1.0220582485198975,
    1.0545587539672852,
    1.0849361419677734,
    1.1162137985229492,
    1.148240089416504,
    1.1796939373016357,
    1.2122154235839844,
    1.2520182132720947,
    1.3055522441864014,
    1.3529539108276367,
    2.0256519317626953,
    2.076148509979248,
    2.125444173812866,
    2.1679983139038086,
    2.214669704437256,
    2.263493776321411,
    2.312263011932373,
    2.353212594985962,
    2.4009156227111816,
    2.45097017288208,
    3.0373167991638184,
    3.0685231685638428,
    3.10154128074646,
    3.133831024169922,
    3.1672840118408203,
    3.1956536769866943,
    3.2255072593688965,
    3.2572600841522217,
    3.2878482341766357,
    3.31809401512146
  ]
}