{
  "storage_type": "RedisStorage",
  "strategy": "fixed",
  "expected_rate": 10,
  "target_request_rate": 30,
  "actual_rate": 11.843900850805692,
  "actual_duration": 3.377265691757202,
  "successful_requests": 40,
  "window_rates": [
    11,
    10,
    11,
    8
  ],
  "lower_limit": 8,
  "higher_limit": 14,
  "relative_timestamps": [
    0.013637304306030273,
    0.0470125675201416,
    0.07828903198242188,
    0.1266481876373291,
    0.17150282859802246,
    0.20197319984436035,
    0.23267102241516113,
    0.2652285099029541,
    0.29634928703308105,
    0.3275601863861084,
    0.9814403057098389,
    1.0104482173919678,
    1.0585451126098633,
    1.104487657546997,
    1.153322458267212,
    1.1810989379882812,
    1.2304589748382568,
    1.276500940322876,
    1.3252243995666504,
    1.3566296100616455,
    1.978560209274292,
    2.0234947204589844,
    2.0724735260009766,
    2.1220474243164062,
    2.1489429473876953,
    2.1954457759857178,
    2.242262840270996,
    2.2924227714538574,
    2.337878465652466,
    2.3832132816314697,
    2.9516963958740234,
    2.978985548019409,
    3.0276007652282715,
    3.0731070041656494,
    3.1216390132904053,
    3.1671648025512695,
    3.2159078121185303,
    3.245356798171997,
    3.2886030673980713,
    3.3330495357513428
  ]
}